event-id,visible,timestamp,location-long,location-lat,comments,location-error-numerical,location-error-percentile,sensor-type,individual-taxon-canonical-name,tag-local-identifier,individual-local-identifier,study-name,utm-easting,utm-northing,utm-zone,study-timezone,study-local-timestamp
280076892,TRUE,59:23.0,-0.1991556,5.6231385,Flight 1 Step 1,18,95,gps,Eidolon helvum,1607,1607,Fruit bats in Ghana (data from Sapir et al. 2014),810296.1206,622289.3477,30N,Ghana Mean Time,59:23.0
280076893,TRUE,05:00.0,-0.2111885,5.6413342,Flight 1 Step 2,18,95,gps,Eidolon helvum,1607,1607,Fruit bats in Ghana (data from Sapir et al. 2014),808952.3662,624296.6868,30N,Ghana Mean Time,05:00.0
280076894,TRUE,10:00.0,-0.2261752,5.6567984,Flight 1 Step 3,18,95,gps,Eidolon helvum,1607,1607,Fruit bats in Ghana (data from Sapir et al. 2014),807282.6504,626000.1564,30N,Ghana Mean Time,10:00.0
280076895,TRUE,15:01.0,-0.2384989,5.6728935,Flight 1 Step 4,18,95,gps,Eidolon helvum,1607,1607,Fruit bats in Ghana (data from Sapir et al. 2014),805907.9107,627774.854,30N,Ghana Mean Time,15:01.0
280076896,TRUE,19:59.0,-0.2442364,5.6922203,Flight 1 Step 5,18,95,gps,Eidolon helvum,1607,1607,Fruit bats in Ghana (data from Sapir et al. 2014),805261.655,629910.6681,30N,Ghana Mean Time,19:59.0
280076897,TRUE,25:01.0,-0.2579482,5.7179428,Flight 1 Step 6,18,95,gps,Eidolon helvum,1607,1607,Fruit bats in Ghana (data from Sapir et al. 2014),803728.0691,632750.0368,30N,Ghana Mean Time,25:01.0
280076898,TRUE,29:59.0,-0.2639389,5.7397265,Flight 1 Step 7,18,95,gps,Eidolon helvum,1607,1607,Fruit bats in Ghana (data from Sapir et al. 2014),803052.5002,635157.5772,30N,Ghana Mean Time,29:59.0
280076899,TRUE,35:00.0,-0.2659188,5.7556886,Flight 1 Step 8,18,95,gps,Eidolon helvum,1607,1607,Fruit bats in Ghana (data from Sapir et al. 2014),802824.5891,636922.9817,30N,Ghana Mean Time,35:00.0
280076900,TRUE,40:00.0,-0.2664197,5.776907,Flight 1 Step 9,18,95,gps,Eidolon helvum,1607,1607,Fruit bats in Ghana (data from Sapir et al. 2014),802757.8038,639270.8599,30N,Ghana Mean Time,40:00.0
280076901,TRUE,45:01.0,-0.2670087,5.8048951,Flight 1 Step 10,18,95,gps,Eidolon helvum,1607,1607,Fruit bats in Ghana (data from Sapir et al. 2014),802677.6019,642367.8629,30N,Ghana Mean Time,45:01.0
280076902,TRUE,50:00.0,-0.2678684,5.8268646,Flight 1 Step 11,18,95,gps,Eidolon helvum,1607,1607,Fruit bats in Ghana (data from Sapir et al. 2014),802570.5623,644798.6683,30N,Ghana Mean Time,50:00.0
280076903,TRUE,55:01.0,-0.2690612,5.8498646,Flight 1 Step 12,18,95,gps,Eidolon helvum,1607,1607,Fruit bats in Ghana (data from Sapir et al. 2014),802426.0162,647343.3331,30N,Ghana Mean Time,55:01.0
280076904,TRUE,00:01.0,-0.270493,5.87421,Flight 1 Step 13,18,95,gps,Eidolon helvum,1607,1607,Fruit bats in Ghana (data from Sapir et al. 2014),802254.2206,650036.755,30N,Ghana Mean Time,00:01.0
280076905,TRUE,05:00.0,-0.2766269,5.8965665,Flight 1 Step 14,18,95,gps,Eidolon helvum,1607,1607,Fruit bats in Ghana (data from Sapir et al. 2014),801562.4054,652507.5218,30N,Ghana Mean Time,05:00.0
280076906,TRUE,10:00.0,-0.2836258,5.9183595,Flight 1 Step 15,18,95,gps,Eidolon helvum,1607,1607,Fruit bats in Ghana (data from Sapir et al. 2014),800775.0584,654915.4444,30N,Ghana Mean Time,10:00.0
280076907,TRUE,15:00.0,-0.2873906,5.9454882,Flight 1 Step 16,18,95,gps,Eidolon helvum,1607,1607,Fruit bats in Ghana (data from Sapir et al. 2014),800343.1869,657915.5773,30N,Ghana Mean Time,15:00.0
280076908,TRUE,19:59.0,-0.291938,5.9696765,Flight 1 Step 17,18,95,gps,Eidolon helvum,1607,1607,Fruit bats in Ghana (data from Sapir et al. 2014),799826.1823,660589.8743,30N,Ghana Mean Time,19:59.0
280076909,TRUE,25:01.0,-0.2983186,5.991117,Flight 1 Step 18,18,95,gps,Eidolon helvum,1607,1607,Fruit bats in Ghana (data from Sapir et al. 2014),799107.5649,662959.0758,30N,Ghana Mean Time,25:01.0
280076910,TRUE,30:00.0,-0.3000283,6.0129006,Flight 1 Step 19,18,95,gps,Eidolon helvum,1607,1607,Fruit bats in Ghana (data from Sapir et al. 2014),798906.256,665368.785,30N,Ghana Mean Time,30:00.0
280076911,TRUE,35:00.0,-0.3050259,6.0369589,Flight 1 Step 20,18,95,gps,Eidolon helvum,1607,1607,Fruit bats in Ghana (data from Sapir et al. 2014),798339.4295,668028.4107,30N,Ghana Mean Time,35:00.0
280076912,TRUE,40:00.0,-0.3072907,6.061921,Flight 1 Step 21,18,95,gps,Eidolon helvum,1607,1607,Fruit bats in Ghana (data from Sapir et al. 2014),798074.8375,670789.5413,30N,Ghana Mean Time,40:00.0
280076913,TRUE,45:01.0,-0.3097283,6.0873401,Flight 1 Step 22,18,95,gps,Eidolon helvum,1607,1607,Fruit bats in Ghana (data from Sapir et al. 2014),797790.8195,673601.1422,30N,Ghana Mean Time,45:01.0
280076914,TRUE,50:00.0,-0.3166053,6.1101298,Flight 1 Step 23,18,95,gps,Eidolon helvum,1607,1607,Fruit bats in Ghana (data from Sapir et al. 2014),797016.4857,676119.3044,30N,Ghana Mean Time,50:00.0
280076915,TRUE,55:01.0,-0.3158312,6.1364948,Flight 1 Step 24,18,95,gps,Eidolon helvum,1607,1607,Fruit bats in Ghana (data from Sapir et al. 2014),797087.6395,679037.3391,30N,Ghana Mean Time,55:01.0
280076916,TRUE,44:59.0,-0.3223306,6.1208174,Flight 2 Step 1,18,95,gps,Eidolon helvum,1607,1607,Fruit bats in Ghana (data from Sapir et al. 2014),796376.4229,677298.8502,30N,Ghana Mean Time,44:59.0
280076917,TRUE,50:02.0,-0.3164032,6.0923315,Flight 2 Step 2,18,95,gps,Eidolon helvum,1607,1607,Fruit bats in Ghana (data from Sapir et al. 2014),797048.6839,674149.8206,30N,Ghana Mean Time,50:02.0
280076918,TRUE,55:00.0,-0.3093348,6.0608264,Flight 2 Step 3,18,95,gps,Eidolon helvum,1607,1607,Fruit bats in Ghana (data from Sapir et al. 2014),797848.999,670667.2858,30N,Ghana Mean Time,55:00.0
280076919,TRUE,59:59.0,-0.3021932,6.0285784,Flight 2 Step 4,18,95,gps,Eidolon helvum,1607,1607,Fruit bats in Ghana (data from Sapir et al. 2014),798657.8365,667102.5533,30N,Ghana Mean Time,59:59.0
280076920,TRUE,05:00.0,-0.2960765,5.9950163,Flight 2 Step 5,18,95,gps,Eidolon helvum,1607,1607,Fruit bats in Ghana (data from Sapir et al. 2014),799353.8452,663391.8099,30N,Ghana Mean Time,05:00.0
280076921,TRUE,10:01.0,-0.2908307,5.9634563,Flight 2 Step 6,18,95,gps,Eidolon helvum,1607,1607,Fruit bats in Ghana (data from Sapir et al. 2014),799952.2542,659902.1266,30N,Ghana Mean Time,10:01.0
280076922,TRUE,15:00.0,-0.2837782,5.9321356,Flight 2 Step 7,18,95,gps,Eidolon helvum,1607,1607,Fruit bats in Ghana (data from Sapir et al. 2014),800750.7047,656439.8853,30N,Ghana Mean Time,15:00.0
280076923,TRUE,19:59.0,-0.2777805,5.9004109,Flight 2 Step 8,18,95,gps,Eidolon helvum,1607,1607,Fruit bats in Ghana (data from Sapir et al. 2014),801432.4922,652932.3371,30N,Ghana Mean Time,19:59.0
280076924,TRUE,25:00.0,-0.274389,5.867288,Flight 2 Step 9,18,95,gps,Eidolon helvum,1607,1607,Fruit bats in Ghana (data from Sapir et al. 2014),801826.2027,649268.6263,30N,Ghana Mean Time,25:00.0
280076925,TRUE,30:01.0,-0.2724568,5.8325066,Flight 2 Step 10,18,95,gps,Eidolon helvum,1607,1607,Fruit bats in Ghana (data from Sapir et al. 2014),802059.0184,645420.5792,30N,Ghana Mean Time,30:01.0
280076926,TRUE,35:00.0,-0.2675014,5.8016568,Flight 2 Step 11,18,95,gps,Eidolon helvum,1607,1607,Fruit bats in Ghana (data from Sapir et al. 2014),802624.7242,642009.2313,30N,Ghana Mean Time,35:00.0
280076927,TRUE,40:00.0,-0.2602797,5.7700559,Flight 2 Step 12,18,95,gps,Eidolon helvum,1607,1607,Fruit bats in Ghana (data from Sapir et al. 2014),803442.0006,638515.9502,30N,Ghana Mean Time,40:00.0
280076928,TRUE,45:00.0,-0.2539918,5.7363415,Flight 2 Step 13,18,95,gps,Eidolon helvum,1607,1607,Fruit bats in Ghana (data from Sapir et al. 2014),804156.8919,634788.2505,30N,Ghana Mean Time,45:00.0
280076929,TRUE,49:59.0,-0.2551686,5.7021503,Flight 2 Step 14,18,95,gps,Eidolon helvum,1607,1607,Fruit bats in Ghana (data from Sapir et al. 2014),804044.5255,631003.8099,30N,Ghana Mean Time,49:59.0
280076930,TRUE,55:00.0,-0.244742,5.6736705,Flight 2 Step 15,18,95,gps,Eidolon helvum,1607,1607,Fruit bats in Ghana (data from Sapir et al. 2014),805215.3891,627857.5461,30N,Ghana Mean Time,55:00.0
280076931,TRUE,00:00.0,-0.2283575,5.6466917,Flight 2 Step 16,18,95,gps,Eidolon helvum,1607,1607,Fruit bats in Ghana (data from Sapir et al. 2014),807046.0428,624880.5069,30N,Ghana Mean Time,00:00.0
280076932,TRUE,14:59.0,-0.1826897,5.5869561,Flight 3 Step 1,18,95,gps,Eidolon helvum,1607,1607,Fruit bats in Ghana (data from Sapir et al. 2014),812141.0181,618293.7202,30N,Ghana Mean Time,14:59.0
280076933,TRUE,20:01.0,-0.1970248,5.6148723,Flight 3 Step 2,18,95,gps,Eidolon helvum,1607,1607,Fruit bats in Ghana (data from Sapir et al. 2014),810536.7564,621375.6485,30N,Ghana Mean Time,20:01.0
280076934,TRUE,25:00.0,-0.2111269,5.6450524,Flight 3 Step 3,18,95,gps,Eidolon helvum,1607,1607,Fruit bats in Ghana (data from Sapir et al. 2014),808957.2246,624708.2134,30N,Ghana Mean Time,25:00.0
280076935,TRUE,30:00.0,-0.2264132,5.6735621,Flight 3 Step 4,18,95,gps,Eidolon helvum,1607,1607,Fruit bats in Ghana (data from Sapir et al. 2014),807247.3921,627855.2495,30N,Ghana Mean Time,30:00.0
280076936,TRUE,35:00.0,-0.2389077,5.7023117,Flight 3 Step 5,18,95,gps,Eidolon helvum,1607,1607,Fruit bats in Ghana (data from Sapir et al. 2014),805847.0301,631030.2839,30N,Ghana Mean Time,35:00.0
280076937,TRUE,40:01.0,-0.252227,5.7317156,Flight 3 Step 6,18,95,gps,Eidolon helvum,1607,1607,Fruit bats in Ghana (data from Sapir et al. 2014),804354.9697,634277.2557,30N,Ghana Mean Time,40:01.0
280076938,TRUE,44:59.0,-0.2569999,5.7678448,Flight 3 Step 7,18,95,gps,Eidolon helvum,1607,1607,Fruit bats in Ghana (data from Sapir et al. 2014),803806.7122,638273.0059,30N,Ghana Mean Time,44:59.0
280076939,TRUE,50:00.0,-0.2619501,5.8088126,Flight 3 Step 8,18,95,gps,Eidolon helvum,1607,1607,Fruit bats in Ghana (data from Sapir et al. 2014),803236.1624,642804.1064,30N,Ghana Mean Time,50:00.0
280076940,TRUE,55:01.0,-0.2702104,5.8464687,Flight 3 Step 9,18,95,gps,Eidolon helvum,1607,1607,Fruit bats in Ghana (data from Sapir et al. 2014),802300.4838,646966.9056,30N,Ghana Mean Time,55:01.0
280076941,TRUE,59:59.0,-0.2760369,5.8868825,Flight 3 Step 10,18,95,gps,Eidolon helvum,1607,1607,Fruit bats in Ghana (data from Sapir et al. 2014),801633.0193,651436.1617,30N,Ghana Mean Time,59:59.0
280076942,TRUE,05:00.0,-0.2808704,5.9301872,Flight 3 Step 11,18,95,gps,Eidolon helvum,1607,1607,Fruit bats in Ghana (data from Sapir et al. 2014),801073.964,656225.847,30N,Ghana Mean Time,05:00.0
280076943,TRUE,10:00.0,-0.2856748,5.9717418,Flight 3 Step 12,18,95,gps,Eidolon helvum,1607,1607,Fruit bats in Ghana (data from Sapir et al. 2014),800519.0033,660821.8471,30N,Ghana Mean Time,10:00.0
280076944,TRUE,15:00.0,-0.2907697,6.0144778,Flight 3 Step 13,18,95,gps,Eidolon helvum,1607,1607,Fruit bats in Ghana (data from Sapir et al. 2014),799931.1356,665548.4002,30N,Ghana Mean Time,15:00.0
280076945,TRUE,20:01.0,-0.2973167,6.0571259,Flight 3 Step 14,18,95,gps,Eidolon helvum,1607,1607,Fruit bats in Ghana (data from Sapir et al. 2014),799182.3788,670264.3962,30N,Ghana Mean Time,20:01.0
280076946,TRUE,25:00.0,-0.3049061,6.1026307,Flight 3 Step 15,18,95,gps,Eidolon helvum,1607,1607,Fruit bats in Ghana (data from Sapir et al. 2014),798316.5271,675295.9101,30N,Ghana Mean Time,25:00.0
280076947,TRUE,30:00.0,-0.3151623,6.1416696,Flight 3 Step 16,18,95,gps,Eidolon helvum,1607,1607,Fruit bats in Ghana (data from Sapir et al. 2014),797158.8558,679610.3654,30N,Ghana Mean Time,30:00.0
280076948,TRUE,19:59.0,-0.3181406,6.1056036,Flight 4 Step 1,18,95,gps,Eidolon helvum,1607,1607,Fruit bats in Ghana (data from Sapir et al. 2014),796848.9224,675617.5785,30N,Ghana Mean Time,19:59.0
280076949,TRUE,25:02.0,-0.3111704,6.0742095,Flight 4 Step 2,18,95,gps,Eidolon helvum,1607,1607,Fruit bats in Ghana (data from Sapir et al. 2014),797638.3044,672147.2826,30N,Ghana Mean Time,25:02.0
280076950,TRUE,30:00.0,-0.302822,6.0421972,Flight 4 Step 3,18,95,gps,Eidolon helvum,1607,1607,Fruit bats in Ghana (data from Sapir et al. 2014),798580.7101,668609.3059,30N,Ghana Mean Time,30:00.0
280076951,TRUE,34:59.0,-0.2946692,6.0094979,Flight 4 Step 4,18,95,gps,Eidolon helvum,1607,1607,Fruit bats in Ghana (data from Sapir et al. 2014),799501.8442,664995.1657,30N,Ghana Mean Time,34:59.0
280076952,TRUE,40:00.0,-0.2872948,5.9763365,Flight 4 Step 5,18,95,gps,Eidolon helvum,1607,1607,Fruit bats in Ghana (data from Sapir et al. 2014),800337.0039,661329.4309,30N,Ghana Mean Time,40:00.0
280076953,TRUE,45:00.0,-0.2822626,5.9429448,Flight 4 Step 6,18,95,gps,Eidolon helvum,1607,1607,Fruit bats in Ghana (data from Sapir et al. 2014),800912.768,657636.9043,30N,Ghana Mean Time,45:00.0
280076954,TRUE,50:00.0,-0.2763675,5.9097371,Flight 4 Step 7,18,95,gps,Eidolon helvum,1607,1607,Fruit bats in Ghana (data from Sapir et al. 2014),801584.0191,653965.1864,30N,Ghana Mean Time,50:00.0
280076955,TRUE,55:00.0,-0.2722616,5.8772136,Flight 4 Step 8,18,95,gps,Eidolon helvum,1607,1607,Fruit bats in Ghana (data from Sapir et al. 2014),802056.606,650368.1931,30N,Ghana Mean Time,55:00.0
280076956,TRUE,00:01.0,-0.2690219,5.8410914,Flight 4 Step 9,18,95,gps,Eidolon helvum,1607,1607,Fruit bats in Ghana (data from Sapir et al. 2014),802435.0884,646372.464,30N,Ghana Mean Time,00:01.0
280076957,TRUE,04:59.0,-0.2665703,5.8103479,Flight 4 Step 10,18,95,gps,Eidolon helvum,1607,1607,Fruit bats in Ghana (data from Sapir et al. 2014),802723.2755,642971.5348,30N,Ghana Mean Time,04:59.0
280076958,TRUE,10:01.0,-0.2609984,5.7757504,Flight 4 Step 11,18,95,gps,Eidolon helvum,1607,1607,Fruit bats in Ghana (data from Sapir et al. 2014),803359.3074,639145.7544,30N,Ghana Mean Time,10:01.0
280076959,TRUE,15:00.0,-0.254518,5.7372486,Flight 4 Step 12,18,95,gps,Eidolon helvum,1607,1607,Fruit bats in Ghana (data from Sapir et al. 2014),804098.0831,634888.3564,30N,Ghana Mean Time,15:00.0
280076960,TRUE,20:00.0,-0.251051,5.6995599,Flight 4 Step 13,18,95,gps,Eidolon helvum,1607,1607,Fruit bats in Ghana (data from Sapir et al. 2014),804502.3441,630719.3149,30N,Ghana Mean Time,20:00.0
280076961,TRUE,25:02.0,-0.2298575,5.6604793,Flight 4 Step 14,18,95,gps,Eidolon helvum,1607,1607,Fruit bats in Ghana (data from Sapir et al. 2014),806872.4696,626405.5677,30N,Ghana Mean Time,25:02.0
280076962,TRUE,10:00.0,-0.1845442,5.6018874,Flight 5 Step 1,18,95,gps,Eidolon helvum,1607,1607,Fruit bats in Ghana (data from Sapir et al. 2014),811927.4647,619945.22,30N,Ghana Mean Time,10:00.0
280076963,TRUE,15:00.0,-0.1961584,5.6297742,Flight 5 Step 2,18,95,gps,Eidolon helvum,1607,1607,Fruit bats in Ghana (data from Sapir et al. 2014),810624.9057,623025.3247,30N,Ghana Mean Time,15:00.0
280076964,TRUE,19:59.0,-0.2157325,5.6607652,Flight 5 Step 3,18,95,gps,Eidolon helvum,1607,1607,Fruit bats in Ghana (data from Sapir et al. 2014),808438.2791,626444.7009,30N,Ghana Mean Time,19:59.0
280076965,TRUE,25:01.0,-0.2335389,5.6890798,Flight 5 Step 4,18,95,gps,Eidolon helvum,1607,1607,Fruit bats in Ghana (data from Sapir et al. 2014),806449.2123,629568.7872,30N,Ghana Mean Time,25:01.0
280076966,TRUE,29:59.0,-0.2489547,5.7158983,Flight 5 Step 5,18,95,gps,Eidolon helvum,1607,1607,Fruit bats in Ghana (data from Sapir et al. 2014),804726.0873,632528.5433,30N,Ghana Mean Time,29:59.0
280076967,TRUE,35:01.0,-0.266786,5.7468333,Flight 5 Step 6,18,95,gps,Eidolon helvum,1607,1607,Fruit bats in Ghana (data from Sapir et al. 2014),802733.1551,635942.5462,30N,Ghana Mean Time,35:01.0
280076968,TRUE,40:00.0,-0.2755926,5.7798278,Flight 5 Step 7,18,95,gps,Eidolon helvum,1607,1607,Fruit bats in Ghana (data from Sapir et al. 2014),801739.5532,639589.2113,30N,Ghana Mean Time,40:00.0
280076969,TRUE,44:59.0,-0.2820112,5.8140241,Flight 5 Step 8,18,95,gps,Eidolon helvum,1607,1607,Fruit bats in Ghana (data from Sapir et al. 2014),801009.9935,643370.1103,30N,Ghana Mean Time,44:59.0
280076970,TRUE,50:00.0,-0.2899638,5.85038,Flight 5 Step 9,18,95,gps,Eidolon helvum,1607,1607,Fruit bats in Ghana (data from Sapir et al. 2014),800109.2634,647389.1502,30N,Ghana Mean Time,50:00.0
280076971,TRUE,55:00.0,-0.2893309,5.8869078,Flight 5 Step 10,18,95,gps,Eidolon helvum,1607,1607,Fruit bats in Ghana (data from Sapir et al. 2014),800159.8333,651431.7902,30N,Ghana Mean Time,55:00.0
280076972,TRUE,00:00.0,-0.2901439,5.9194602,Flight 5 Step 11,18,95,gps,Eidolon helvum,1607,1607,Fruit bats in Ghana (data from Sapir et al. 2014),800052.2051,655033.7229,30N,Ghana Mean Time,00:00.0
280076973,TRUE,05:01.0,-0.2936977,5.9522249,Flight 5 Step 12,18,95,gps,Eidolon helvum,1607,1607,Fruit bats in Ghana (data from Sapir et al. 2014),799640.6928,658657.6588,30N,Ghana Mean Time,05:01.0
280076974,TRUE,09:59.0,-0.2967003,5.9859548,Flight 5 Step 13,18,95,gps,Eidolon helvum,1607,1607,Fruit bats in Ghana (data from Sapir et al. 2014),799289.6747,662388.6925,30N,Ghana Mean Time,09:59.0
280076975,TRUE,15:00.0,-0.3018345,6.019014,Flight 5 Step 14,18,95,gps,Eidolon helvum,1607,1607,Fruit bats in Ghana (data from Sapir et al. 2014),798702.8095,666044.3242,30N,Ghana Mean Time,15:00.0
280076976,TRUE,20:00.0,-0.3074736,6.0502717,Flight 5 Step 15,18,95,gps,Eidolon helvum,1607,1607,Fruit bats in Ghana (data from Sapir et al. 2014),798060.9726,669500.2982,30N,Ghana Mean Time,20:00.0
280076977,TRUE,25:01.0,-0.3111328,6.0855477,Flight 5 Step 16,18,95,gps,Eidolon helvum,1607,1607,Fruit bats in Ghana (data from Sapir et al. 2014),797636.2283,673402.0158,30N,Ghana Mean Time,25:01.0
280076978,TRUE,30:00.0,-0.315926,6.1193879,Flight 5 Step 17,18,95,gps,Eidolon helvum,1607,1607,Fruit bats in Ghana (data from Sapir et al. 2014),797086.6132,677144.2005,30N,Ghana Mean Time,30:00.0
280076979,TRUE,50:00.0,-0.3246225,6.1276357,Flight 6 Step 1,18,95,gps,Eidolon helvum,1607,1607,Fruit bats in Ghana (data from Sapir et al. 2014),796118.8021,678052.107,30N,Ghana Mean Time,50:00.0
280076980,TRUE,54:59.0,-0.3178901,6.102276,Flight 6 Step 2,18,95,gps,Eidolon helvum,1607,1607,Fruit bats in Ghana (data from Sapir et al. 2014),796878.5039,675249.4783,30N,Ghana Mean Time,54:59.0
280076981,TRUE,00:01.0,-0.3116955,6.070059,Flight 6 Step 3,18,95,gps,Eidolon helvum,1607,1607,Fruit bats in Ghana (data from Sapir et al. 2014),797582.4181,671687.6896,30N,Ghana Mean Time,00:01.0
280076982,TRUE,05:01.0,-0.3037015,6.0382561,Flight 6 Step 4,18,95,gps,Eidolon helvum,1607,1607,Fruit bats in Ghana (data from Sapir et al. 2014),798485.4389,668172.6891,30N,Ghana Mean Time,05:01.0
280076983,TRUE,10:00.0,-0.2941883,6.0058268,Flight 6 Step 5,18,95,gps,Eidolon helvum,1607,1607,Fruit bats in Ghana (data from Sapir et al. 2014),799557.1322,664589.1718,30N,Ghana Mean Time,10:00.0
280076984,TRUE,14:59.0,-0.2868296,5.974178,Flight 6 Step 6,18,95,gps,Eidolon helvum,1607,1607,Fruit bats in Ghana (data from Sapir et al. 2014),800389.7248,661090.8164,30N,Ghana Mean Time,14:59.0
280076985,TRUE,20:01.0,-0.2842242,5.944839,Flight 6 Step 7,18,95,gps,Eidolon helvum,1607,1607,Fruit bats in Ghana (data from Sapir et al. 2014),800694.386,657845.4569,30N,Ghana Mean Time,20:01.0
280076986,TRUE,25:00.0,-0.2808389,5.9156597,Flight 6 Step 8,18,95,gps,Eidolon helvum,1607,1607,Fruit bats in Ghana (data from Sapir et al. 2014),801085.3337,654618.1837,30N,Ghana Mean Time,25:00.0
280076987,TRUE,30:00.0,-0.2763387,5.8875232,Flight 6 Step 9,18,95,gps,Eidolon helvum,1607,1607,Fruit bats in Ghana (data from Sapir et al. 2014),801599.2292,651506.9016,30N,Ghana Mean Time,30:00.0
280076988,TRUE,35:00.0,-0.2732102,5.8588105,Flight 6 Step 10,18,95,gps,Eidolon helvum,1607,1607,Fruit bats in Ghana (data from Sapir et al. 2014),801961.4012,648331.0984,30N,Ghana Mean Time,35:00.0
280076989,TRUE,40:00.0,-0.2701897,5.8288634,Flight 6 Step 11,18,95,gps,Eidolon helvum,1607,1607,Fruit bats in Ghana (data from Sapir et al. 2014),802312.2264,645018.6202,30N,Ghana Mean Time,40:00.0
280076990,TRUE,45:01.0,-0.269524,5.8022008,Flight 6 Step 12,18,95,gps,Eidolon helvum,1607,1607,Fruit bats in Ghana (data from Sapir et al. 2014),802400.2632,642068.3521,30N,Ghana Mean Time,45:01.0
280076991,TRUE,50:00.0,-0.2638239,5.7753998,Flight 6 Step 13,18,95,gps,Eidolon helvum,1607,1607,Fruit bats in Ghana (data from Sapir et al. 2014),803046.3196,639105.448,30N,Ghana Mean Time,50:00.0
280076992,TRUE,55:00.0,-0.2560176,5.7461972,Flight 6 Step 14,18,95,gps,Eidolon helvum,1607,1607,Fruit bats in Ghana (data from Sapir et al. 2014),803927.1088,635877.8686,30N,Ghana Mean Time,55:00.0
280076993,TRUE,00:00.0,-0.257012,5.7143887,Flight 6 Step 15,18,95,gps,Eidolon helvum,1607,1607,Fruit bats in Ghana (data from Sapir et al. 2014),803833.7241,632357.2134,30N,Ghana Mean Time,00:00.0
280076994,TRUE,04:59.0,-0.2449638,5.6845478,Flight 6 Step 16,18,95,gps,Eidolon helvum,1607,1607,Fruit bats in Ghana (data from Sapir et al. 2014),805185.068,629061.1891,30N,Ghana Mean Time,04:59.0
280076995,TRUE,10:00.0,-0.2311511,5.6564695,Flight 6 Step 17,18,95,gps,Eidolon helvum,1607,1607,Fruit bats in Ghana (data from Sapir et al. 2014),806731.1723,625961.1254,30N,Ghana Mean Time,10:00.0
280076996,TRUE,15:00.0,-0.2182576,5.6286636,Flight 6 Step 18,18,95,gps,Eidolon helvum,1607,1607,Fruit bats in Ghana (data from Sapir et al. 2014),808175.313,622890.6896,30N,Ghana Mean Time,15:00.0
280076997,TRUE,15:00.0,-0.2001912,5.6150954,Flight 7 Step 1,18,95,gps,Eidolon helvum,1607,1607,Fruit bats in Ghana (data from Sapir et al. 2014),810185.5622,621398.6584,30N,Ghana Mean Time,15:00.0
280076998,TRUE,20:00.0,-0.2155277,5.6471059,Flight 7 Step 2,18,95,gps,Eidolon helvum,1607,1607,Fruit bats in Ghana (data from Sapir et al. 2014),808468.2278,624933.1377,30N,Ghana Mean Time,20:00.0
280076999,TRUE,25:01.0,-0.2315404,5.6781055,Flight 7 Step 3,18,95,gps,Eidolon helvum,1607,1607,Fruit bats in Ghana (data from Sapir et al. 2014),806676.5786,628355.3404,30N,Ghana Mean Time,25:01.0
280077000,TRUE,30:00.0,-0.2471408,5.7096253,Flight 7 Step 4,18,95,gps,Eidolon helvum,1607,1607,Fruit bats in Ghana (data from Sapir et al. 2014),804930.4837,631835.2914,30N,Ghana Mean Time,30:00.0
280077001,TRUE,34:59.0,-0.260892,5.7472999,Flight 7 Step 5,18,95,gps,Eidolon helvum,1607,1607,Fruit bats in Ghana (data from Sapir et al. 2014),803386.2227,635997.3094,30N,Ghana Mean Time,34:59.0
280077002,TRUE,40:01.0,-0.2677066,5.7896685,Flight 7 Step 6,18,95,gps,Eidolon helvum,1607,1607,Fruit bats in Ghana (data from Sapir et al. 2014),802608.3749,640682.4311,30N,Ghana Mean Time,40:01.0
280077003,TRUE,44:59.0,-0.2755424,5.8324771,Flight 7 Step 7,18,95,gps,Eidolon helvum,1607,1607,Fruit bats in Ghana (data from Sapir et al. 2014),801717.0683,645415.6599,30N,Ghana Mean Time,44:59.0
280077004,TRUE,50:00.0,-0.2845463,5.8792278,Flight 7 Step 8,18,95,gps,Eidolon helvum,1607,1607,Fruit bats in Ghana (data from Sapir et al. 2014),800694.1679,650584.4663,30N,Ghana Mean Time,50:00.0
280077005,TRUE,55:01.0,-0.2937778,5.9267673,Flight 7 Step 9,18,95,gps,Eidolon helvum,1607,1607,Fruit bats in Ghana (data from Sapir et al. 2014),799645.5974,655840.3877,30N,Ghana Mean Time,55:01.0
280077006,TRUE,00:00.0,-0.3021368,5.97415,Flight 7 Step 10,18,95,gps,Eidolon helvum,1607,1607,Fruit bats in Ghana (data from Sapir et al. 2014),798693.7594,661079.3763,30N,Ghana Mean Time,00:00.0
280077007,TRUE,04:59.0,-0.3103978,6.020802,Flight 7 Step 11,18,95,gps,Eidolon helvum,1607,1607,Fruit bats in Ghana (data from Sapir et al. 2014),797753.1397,666237.5076,30N,Ghana Mean Time,04:59.0
280077008,TRUE,10:00.0,-0.3193195,6.0696919,Flight 7 Step 12,18,95,gps,Eidolon helvum,1607,1607,Fruit bats in Ghana (data from Sapir et al. 2014),796738.0716,671642.8783,30N,Ghana Mean Time,10:00.0
280077009,TRUE,15:01.0,-0.3258636,6.1181431,Flight 7 Step 13,18,95,gps,Eidolon helvum,1607,1607,Fruit bats in Ghana (data from Sapir et al. 2014),795986.5684,677000.9587,30N,Ghana Mean Time,15:01.0
280077010,TRUE,40:00.0,-0.3193389,6.1016003,Flight 8 Step 1,18,95,gps,Eidolon helvum,1607,1607,Fruit bats in Ghana (data from Sapir et al. 2014),796718.3954,675173.9052,30N,Ghana Mean Time,40:00.0
280077011,TRUE,45:01.0,-0.3120232,6.0698041,Flight 8 Step 2,18,95,gps,Eidolon helvum,1607,1607,Fruit bats in Ghana (data from Sapir et al. 2014),797546.2571,671659.3016,30N,Ghana Mean Time,45:01.0
280077012,TRUE,50:00.0,-0.3037052,6.0378891,Flight 8 Step 3,18,95,gps,Eidolon helvum,1607,1607,Fruit bats in Ghana (data from Sapir et al. 2014),798485.2302,668132.0738,30N,Ghana Mean Time,50:00.0
280077013,TRUE,55:00.0,-0.2941796,6.0059481,Flight 8 Step 4,18,95,gps,Eidolon helvum,1607,1607,Fruit bats in Ghana (data from Sapir et al. 2014),799558.0297,664602.6001,30N,Ghana Mean Time,55:00.0
280077014,TRUE,59:59.0,-0.2876014,5.9741247,Flight 8 Step 5,18,95,gps,Eidolon helvum,1607,1607,Fruit bats in Ghana (data from Sapir et al. 2014),800304.2409,661084.4963,30N,Ghana Mean Time,59:59.0
280077015,TRUE,05:01.0,-0.2849633,5.9482399,Flight 8 Step 6,18,95,gps,Eidolon helvum,1607,1607,Fruit bats in Ghana (data from Sapir et al. 2014),800610.6424,658221.4129,30N,Ghana Mean Time,05:01.0
280077016,TRUE,09:59.0,-0.2821478,5.9206263,Flight 8 Step 7,18,95,gps,Eidolon helvum,1607,1607,Fruit bats in Ghana (data from Sapir et al. 2014),800937.6053,655167.1002,30N,Ghana Mean Time,09:59.0
280077017,TRUE,15:01.0,-0.2781934,5.8925934,Flight 8 Step 8,18,95,gps,Eidolon helvum,1607,1607,Fruit bats in Ghana (data from Sapir et al. 2014),801390.9629,652066.9915,30N,Ghana Mean Time,15:01.0
280077018,TRUE,20:00.0,-0.2748272,5.864414,Flight 8 Step 9,18,95,gps,Eidolon helvum,1607,1607,Fruit bats in Ghana (data from Sapir et al. 2014),801779.1889,648950.3387,30N,Ghana Mean Time,20:00.0
280077019,TRUE,24:59.0,-0.272377,5.8369825,Flight 8 Step 10,18,95,gps,Eidolon helvum,1607,1607,Fruit bats in Ghana (data from Sapir et al. 2014),802065.4634,645915.9481,30N,Ghana Mean Time,24:59.0
280077020,TRUE,30:01.0,-0.270242,5.8078675,Flight 8 Step 11,18,95,gps,Eidolon helvum,1607,1607,Fruit bats in Ghana (data from Sapir et al. 2014),802317.6611,642695.0751,30N,Ghana Mean Time,30:01.0
280077021,TRUE,35:00.0,-0.2626581,5.7814696,Flight 8 Step 12,18,95,gps,Eidolon helvum,1607,1607,Fruit bats in Ghana (data from Sapir et al. 2014),803172.3017,639777.7891,30N,Ghana Mean Time,35:00.0
280077022,TRUE,39:59.0,-0.2546202,5.7571062,Flight 8 Step 13,18,95,gps,Eidolon helvum,1607,1607,Fruit bats in Ghana (data from Sapir et al. 2014),804076.2018,637085.8729,30N,Ghana Mean Time,39:59.0
280077023,TRUE,45:01.0,-0.2521865,5.7304153,Flight 8 Step 14,18,95,gps,Eidolon helvum,1607,1607,Fruit bats in Ghana (data from Sapir et al. 2014),804360.1488,634133.3773,30N,Ghana Mean Time,45:01.0
280077024,TRUE,49:59.0,-0.2560034,5.7047146,Flight 8 Step 15,18,95,gps,Eidolon helvum,1607,1607,Fruit bats in Ghana (data from Sapir et al. 2014),803950.6333,631287.1505,30N,Ghana Mean Time,49:59.0
280077025,TRUE,55:01.0,-0.2416021,5.6784224,Flight 8 Step 16,18,95,gps,Eidolon helvum,1607,1607,Fruit bats in Ghana (data from Sapir et al. 2014),805560.9728,628385.0839,30N,Ghana Mean Time,55:01.0
280077026,TRUE,00:00.0,-0.2290877,5.6489421,Flight 8 Step 17,18,95,gps,Eidolon helvum,1607,1607,Fruit bats in Ghana (data from Sapir et al. 2014),806963.9018,625129.1698,30N,Ghana Mean Time,00:00.0
280077027,TRUE,10:01.0,-0.1976216,5.6022134,Flight 9 Step 1,18,95,gps,Eidolon helvum,1607,1607,Fruit bats in Ghana (data from Sapir et al. 2014),810477.2881,619974.3541,30N,Ghana Mean Time,10:01.0
280077028,TRUE,15:00.0,-0.2124252,5.6325069,Flight 9 Step 2,18,95,gps,Eidolon helvum,1607,1607,Fruit bats in Ghana (data from Sapir et al. 2014),808819.9266,623319.1127,30N,Ghana Mean Time,15:00.0
280077029,TRUE,19:59.0,-0.2301251,5.6622299,Flight 9 Step 3,18,95,gps,Eidolon helvum,1607,1607,Fruit bats in Ghana (data from Sapir et al. 2014),806841.8778,626599.1624,30N,Ghana Mean Time,19:59.0
280077030,TRUE,25:00.0,-0.2470508,5.6921424,Flight 9 Step 4,18,95,gps,Eidolon helvum,1607,1607,Fruit bats in Ghana (data from Sapir et al. 2014),804949.7021,629900.5583,30N,Ghana Mean Time,25:00.0
280077031,TRUE,30:01.0,-0.2636731,5.7250514,Flight 9 Step 5,18,95,gps,Eidolon helvum,1607,1607,Fruit bats in Ghana (data from Sapir et al. 2014),803089.7158,633533.689,30N,Ghana Mean Time,30:01.0
280077032,TRUE,35:00.0,-0.275839,5.7620402,Flight 9 Step 6,18,95,gps,Eidolon helvum,1607,1607,Fruit bats in Ghana (data from Sapir et al. 2014),801721.6611,637620.6223,30N,Ghana Mean Time,35:00.0
280077033,TRUE,39:59.0,-0.2807406,5.808574,Flight 9 Step 7,18,95,gps,Eidolon helvum,1607,1607,Fruit bats in Ghana (data from Sapir et al. 2014),801153.7138,642767.6562,30N,Ghana Mean Time,39:59.0
280077034,TRUE,45:01.0,-0.2881017,5.85409,Flight 9 Step 8,18,95,gps,Eidolon helvum,1607,1607,Fruit bats in Ghana (data from Sapir et al. 2014),800313.6412,647800.7087,30N,Ghana Mean Time,45:01.0
280077035,TRUE,49:59.0,-0.2957165,5.9016818,Flight 9 Step 9,18,95,gps,Eidolon helvum,1607,1607,Fruit bats in Ghana (data from Sapir et al. 2014),799444.2893,653063.2962,30N,Ghana Mean Time,49:59.0
280077036,TRUE,55:00.0,-0.3021604,5.9482854,Flight 9 Step 10,18,95,gps,Eidolon helvum,1607,1607,Fruit bats in Ghana (data from Sapir et al. 2014),798705.152,658217.1136,30N,Ghana Mean Time,55:00.0
280077037,TRUE,00:01.0,-0.3077413,5.9932529,Flight 9 Step 11,18,95,gps,Eidolon helvum,1607,1607,Fruit bats in Ghana (data from Sapir et al. 2014),798062.4441,663190.3069,30N,Ghana Mean Time,00:01.0
280077038,TRUE,04:59.0,-0.3136486,6.0382837,Flight 9 Step 12,18,95,gps,Eidolon helvum,1607,1607,Fruit bats in Ghana (data from Sapir et al. 2014),797383.4643,668170.2944,30N,Ghana Mean Time,04:59.0
280077039,TRUE,10:01.0,-0.3203986,6.0842874,Flight 9 Step 13,18,95,gps,Eidolon helvum,1607,1607,Fruit bats in Ghana (data from Sapir et al. 2014),796610.5321,673257.4476,30N,Ghana Mean Time,10:01.0
280077040,TRUE,14:59.0,-0.3208627,6.1293967,Flight 9 Step 14,18,95,gps,Eidolon helvum,1607,1607,Fruit bats in Ghana (data from Sapir et al. 2014),796534.2728,678249.0609,30N,Ghana Mean Time,14:59.0
280077041,TRUE,35:00.0,-0.3468471,6.1338462,Flight 10 Step 1,18,95,gps,Eidolon helvum,1607,1607,Fruit bats in Ghana (data from Sapir et al. 2014),793653.7773,678727.1297,30N,Ghana Mean Time,35:00.0
280077042,TRUE,40:00.0,-0.3753701,6.1364676,Flight 10 Step 2,18,95,gps,Eidolon helvum,1607,1607,Fruit bats in Ghana (data from Sapir et al. 2014),790493.2147,679001.6475,30N,Ghana Mean Time,40:00.0
280077043,TRUE,45:00.0,-0.4043649,6.1427128,Flight 10 Step 3,18,95,gps,Eidolon helvum,1607,1607,Fruit bats in Ghana (data from Sapir et al. 2014),787278.5555,679677.0572,30N,Ghana Mean Time,45:00.0
280077044,TRUE,49:59.0,-0.4330028,6.1499302,Flight 10 Step 4,18,95,gps,Eidolon helvum,1607,1607,Fruit bats in Ghana (data from Sapir et al. 2014),784103.05,680460.3762,30N,Ghana Mean Time,49:59.0
280077045,TRUE,55:01.0,-0.462171,6.1567594,Flight 10 Step 5,18,95,gps,Eidolon helvum,1607,1607,Fruit bats in Ghana (data from Sapir et al. 2014),780869.1724,681200.5972,30N,Ghana Mean Time,55:01.0
280077046,TRUE,00:00.0,-0.4905632,6.164699,Flight 10 Step 6,18,95,gps,Eidolon helvum,1607,1607,Fruit bats in Ghana (data from Sapir et al. 2014),777720.8016,682064.2289,30N,Ghana Mean Time,00:00.0
280077047,TRUE,04:59.0,-0.5039404,6.1612366,Flight 10 Step 7,18,95,gps,Eidolon helvum,1607,1607,Fruit bats in Ghana (data from Sapir et al. 2014),776241.208,681674.1745,30N,Ghana Mean Time,04:59.0
280077048,TRUE,15:01.0,-0.4873106,6.1503549,Flight 11 Step 1,18,95,gps,Eidolon helvum,1607,1607,Fruit bats in Ghana (data from Sapir et al. 2014),778088.4664,680478.7871,30N,Ghana Mean Time,15:01.0
280077049,TRUE,19:59.0,-0.4714956,6.1320446,Flight 11 Step 2,18,95,gps,Eidolon helvum,1607,1607,Fruit bats in Ghana (data from Sapir et al. 2014),779849.456,678461.0362,30N,Ghana Mean Time,19:59.0
280077050,TRUE,25:01.0,-0.4549022,6.1110357,Flight 11 Step 3,18,95,gps,Eidolon helvum,1607,1607,Fruit bats in Ghana (data from Sapir et al. 2014),781698.1821,676145.0976,30N,Ghana Mean Time,25:01.0
280077051,TRUE,29:59.0,-0.4382112,6.0886631,Flight 11 Step 4,18,95,gps,Eidolon helvum,1607,1607,Fruit bats in Ghana (data from Sapir et al. 2014),783558.5641,673678.3145,30N,Ghana Mean Time,29:59.0
280077052,TRUE,35:00.0,-0.4195614,6.0659859,Flight 11 Step 5,18,95,gps,Eidolon helvum,1607,1607,Fruit bats in Ghana (data from Sapir et al. 2014),785636.2103,671178.855,30N,Ghana Mean Time,35:00.0
280077053,TRUE,40:01.0,-0.4030265,6.0413568,Flight 11 Step 6,18,95,gps,Eidolon helvum,1607,1607,Fruit bats in Ghana (data from Sapir et al. 2014),787480.773,668462.2909,30N,Ghana Mean Time,40:01.0
280077054,TRUE,45:01.0,-0.3856354,6.0179932,Flight 11 Step 7,18,95,gps,Eidolon helvum,1607,1607,Fruit bats in Ghana (data from Sapir et al. 2014),789419.6518,665886.2031,30N,Ghana Mean Time,45:01.0
280077055,TRUE,50:00.0,-0.3692774,5.9932249,Flight 11 Step 8,18,95,gps,Eidolon helvum,1607,1607,Fruit bats in Ghana (data from Sapir et al. 2014),791244.9675,663154.1187,30N,Ghana Mean Time,50:00.0
280077056,TRUE,54:59.0,-0.3510352,5.9692072,Flight 11 Step 9,18,95,gps,Eidolon helvum,1607,1607,Fruit bats in Ghana (data from Sapir et al. 2014),793278.7719,660506.084,30N,Ghana Mean Time,54:59.0
280077057,TRUE,00:00.0,-0.336359,5.9448714,Flight 11 Step 10,18,95,gps,Eidolon helvum,1607,1607,Fruit bats in Ghana (data from Sapir et al. 2014),794917.7931,657820.9351,30N,Ghana Mean Time,00:00.0
280077058,TRUE,05:01.0,-0.3244735,5.9200294,Flight 11 Step 11,18,95,gps,Eidolon helvum,1607,1607,Fruit bats in Ghana (data from Sapir et al. 2014),796247.9718,655078.2604,30N,Ghana Mean Time,05:01.0
280077059,TRUE,10:01.0,-0.309613,5.8933078,Flight 11 Step 12,18,95,gps,Eidolon helvum,1607,1607,Fruit bats in Ghana (data from Sapir et al. 2014),797908.8913,652129.1534,30N,Ghana Mean Time,10:01.0
280077060,TRUE,15:00.0,-0.298376,5.8723826,Flight 11 Step 13,18,95,gps,Eidolon helvum,1607,1607,Fruit bats in Ghana (data from Sapir et al. 2014),799165.2812,649819.5299,30N,Ghana Mean Time,15:00.0
280077061,TRUE,19:59.0,-0.2875347,5.8488466,Flight 11 Step 14,18,95,gps,Eidolon helvum,1607,1607,Fruit bats in Ghana (data from Sapir et al. 2014),800379.2794,647220.7577,30N,Ghana Mean Time,19:59.0
280077062,TRUE,25:00.0,-0.2801631,5.8239906,Flight 11 Step 15,18,95,gps,Eidolon helvum,1607,1607,Fruit bats in Ghana (data from Sapir et al. 2014),801209.505,644474.0322,30N,Ghana Mean Time,25:00.0
280077063,TRUE,30:01.0,-0.273822,5.7972429,Flight 11 Step 16,18,95,gps,Eidolon helvum,1607,1607,Fruit bats in Ghana (data from Sapir et al. 2014),801926.5449,641517.3917,30N,Ghana Mean Time,30:01.0
280077064,TRUE,34:59.0,-0.2668563,5.7715067,Flight 11 Step 17,18,95,gps,Eidolon helvum,1607,1607,Fruit bats in Ghana (data from Sapir et al. 2014),802712.2823,638673.0008,30N,Ghana Mean Time,34:59.0
280077065,TRUE,40:01.0,-0.2600995,5.745392,Flight 11 Step 18,18,95,gps,Eidolon helvum,1607,1607,Fruit bats in Ghana (data from Sapir et al. 2014),803475.0786,635786.5907,30N,Ghana Mean Time,40:01.0
280077066,TRUE,45:00.0,-0.25639,5.7176565,Flight 11 Step 19,18,95,gps,Eidolon helvum,1607,1607,Fruit bats in Ghana (data from Sapir et al. 2014),803900.9473,632719.1775,30N,Ghana Mean Time,45:00.0
280077067,TRUE,50:00.0,-0.245697,5.6893854,Flight 11 Step 20,18,95,gps,Eidolon helvum,1607,1607,Fruit bats in Ghana (data from Sapir et al. 2014),805101.2348,629596.165,30N,Ghana Mean Time,50:00.0
280077068,TRUE,55:01.0,-0.2294714,5.6612712,Flight 11 Step 21,18,95,gps,Eidolon helvum,1607,1607,Fruit bats in Ghana (data from Sapir et al. 2014),806914.8558,626493.4104,30N,Ghana Mean Time,55:01.0
280077069,TRUE,00:00.0,-0.219131,5.6334351,Flight 11 Step 22,18,95,gps,Eidolon helvum,1607,1607,Fruit bats in Ghana (data from Sapir et al. 2014),808075.9614,623418.2873,30N,Ghana Mean Time,00:00.0
280077070,TRUE,19:59.0,-0.2000472,5.6163773,Flight 12 Step 1,18,95,gps,Eidolon helvum,1607,1607,Fruit bats in Ghana (data from Sapir et al. 2014),810200.8492,621540.6041,30N,Ghana Mean Time,19:59.0
280077071,TRUE,25:01.0,-0.213939,5.6460553,Flight 12 Step 2,18,95,gps,Eidolon helvum,1607,1607,Fruit bats in Ghana (data from Sapir et al. 2014),808644.9202,624817.7111,30N,Ghana Mean Time,25:01.0
280077072,TRUE,29:59.0,-0.2285876,5.6738016,Flight 12 Step 3,18,95,gps,Eidolon helvum,1607,1607,Fruit bats in Ghana (data from Sapir et al. 2014),807006.2078,627880.6006,30N,Ghana Mean Time,29:59.0
280077073,TRUE,35:00.0,-0.2422307,5.7023156,Flight 12 Step 4,18,95,gps,Eidolon helvum,1607,1607,Fruit bats in Ghana (data from Sapir et al. 2014),805478.6574,631028.9513,30N,Ghana Mean Time,35:00.0
280077074,TRUE,40:00.0,-0.2575513,5.7312495,Flight 12 Step 5,18,95,gps,Eidolon helvum,1607,1607,Fruit bats in Ghana (data from Sapir et al. 2014),803765.0294,634222.848,30N,Ghana Mean Time,40:00.0
280077075,TRUE,45:01.0,-0.2667685,5.7665444,Flight 12 Step 6,18,95,gps,Eidolon helvum,1607,1607,Fruit bats in Ghana (data from Sapir et al. 2014),802724.6493,638123.8924,30N,Ghana Mean Time,45:01.0
280077076,TRUE,49:59.0,-0.2745466,5.8069182,Flight 12 Step 7,18,95,gps,Eidolon helvum,1607,1607,Fruit bats in Ghana (data from Sapir et al. 2014),801841.0823,642587.7209,30N,Ghana Mean Time,49:59.0
280077077,TRUE,55:01.0,-0.2832642,5.8445611,Flight 12 Step 8,18,95,gps,Eidolon helvum,1607,1607,Fruit bats in Ghana (data from Sapir et al. 2014),800854.8377,646748.7931,30N,Ghana Mean Time,55:01.0
280077078,TRUE,59:59.0,-0.2914852,5.8891717,Flight 12 Step 9,18,95,gps,Eidolon helvum,1607,1607,Fruit bats in Ghana (data from Sapir et al. 2014),799919.8906,651681.1626,30N,Ghana Mean Time,59:59.0
280077079,TRUE,05:01.0,-0.2995159,5.9303614,Flight 12 Step 10,18,95,gps,Eidolon helvum,1607,1607,Fruit bats in Ghana (data from Sapir et al. 2014),799007.846,656235.0215,30N,Ghana Mean Time,05:01.0
280077080,TRUE,10:01.0,-0.3083304,5.9757925,Flight 12 Step 11,18,95,gps,Eidolon helvum,1607,1607,Fruit bats in Ghana (data from Sapir et al. 2014),798006.648,661257.7775,30N,Ghana Mean Time,10:01.0
280077081,TRUE,14:59.0,-0.3195243,6.015899,Flight 12 Step 12,18,95,gps,Eidolon helvum,1607,1607,Fruit bats in Ghana (data from Sapir et al. 2014),796744.7239,665689.9609,30N,Ghana Mean Time,14:59.0
280077082,TRUE,20:01.0,-0.334083,6.0565968,Flight 12 Step 13,18,95,gps,Eidolon helvum,1607,1607,Fruit bats in Ghana (data from Sapir et al. 2014),795109.7875,670185.6962,30N,Ghana Mean Time,20:01.0
280077083,TRUE,24:59.0,-0.3509527,6.0948181,Flight 12 Step 14,18,95,gps,Eidolon helvum,1607,1607,Fruit bats in Ghana (data from Sapir et al. 2014),793220.3299,674406.0698,30N,Ghana Mean Time,24:59.0
280077084,TRUE,30:00.0,-0.37461,6.1250364,Flight 12 Step 15,18,95,gps,Eidolon helvum,1607,1607,Fruit bats in Ghana (data from Sapir et al. 2014),790583.5949,677737.1181,30N,Ghana Mean Time,30:00.0
280077085,TRUE,40:00.0,-0.3202654,6.1066558,Flight 13 Step 1,18,95,gps,Eidolon helvum,1607,1607,Fruit bats in Ghana (data from Sapir et al. 2014),796612.9845,675732.8446,30N,Ghana Mean Time,40:00.0
280077086,TRUE,45:00.0,-0.3135017,6.078627,Flight 13 Step 2,18,95,gps,Eidolon helvum,1607,1607,Fruit bats in Ghana (data from Sapir et al. 2014),797377.6281,672634.85,30N,Ghana Mean Time,45:00.0
280077087,TRUE,49:59.0,-0.3049505,6.0488131,Flight 13 Step 3,18,95,gps,Eidolon helvum,1607,1607,Fruit bats in Ghana (data from Sapir et al. 2014),798341.2818,669340.2714,30N,Ghana Mean Time,49:59.0
280077088,TRUE,55:01.0,-0.2947708,6.017855,Flight 13 Step 4,18,95,gps,Eidolon helvum,1607,1607,Fruit bats in Ghana (data from Sapir et al. 2014),799486.0099,665919.9373,30N,Ghana Mean Time,55:01.0
280077089,TRUE,00:00.0,-0.2875514,5.9876239,Flight 13 Step 5,18,95,gps,Eidolon helvum,1607,1607,Fruit bats in Ghana (data from Sapir et al. 2014),800302.4061,662578.4019,30N,Ghana Mean Time,00:00.0
280077090,TRUE,04:59.0,-0.2831557,5.9601123,Flight 13 Step 6,18,95,gps,Eidolon helvum,1607,1607,Fruit bats in Ghana (data from Sapir et al. 2014),800804.4614,659536.251,30N,Ghana Mean Time,04:59.0
280077091,TRUE,10:01.0,-0.2786318,5.9326362,Flight 13 Step 7,18,95,gps,Eidolon helvum,1607,1607,Fruit bats in Ghana (data from Sapir et al. 2014),801320.6841,656498.0829,30N,Ghana Mean Time,10:01.0
280077092,TRUE,14:59.0,-0.2734386,5.9053722,Flight 13 Step 8,18,95,gps,Eidolon helvum,1607,1607,Fruit bats in Ghana (data from Sapir et al. 2014),801910.9411,653483.7342,30N,Ghana Mean Time,14:59.0
280077093,TRUE,20:00.0,-0.2687149,5.8786604,Flight 13 Step 9,18,95,gps,Eidolon helvum,1607,1607,Fruit bats in Ghana (data from Sapir et al. 2014),802448.8614,650530.2229,30N,Ghana Mean Time,20:00.0
280077094,TRUE,25:00.0,-0.2652209,5.8549337,Flight 13 Step 10,18,95,gps,Eidolon helvum,1607,1607,Fruit bats in Ghana (data from Sapir et al. 2014),802848.8797,647906.3799,30N,Ghana Mean Time,25:00.0
280077095,TRUE,30:00.0,-0.2633025,5.8291712,Flight 13 Step 11,18,95,gps,Eidolon helvum,1607,1607,Fruit bats in Ghana (data from Sapir et al. 2014),803075.3541,645056.384,30N,Ghana Mean Time,30:00.0
280077096,TRUE,35:01.0,-0.2571894,5.7996098,Flight 13 Step 12,18,95,gps,Eidolon helvum,1607,1607,Fruit bats in Ghana (data from Sapir et al. 2014),803768.7363,641788.2217,30N,Ghana Mean Time,35:01.0
280077097,TRUE,39:59.0,-0.2501931,5.7724903,Flight 13 Step 13,18,95,gps,Eidolon helvum,1607,1607,Fruit bats in Ghana (data from Sapir et al. 2014),804558.7017,638790.7466,30N,Ghana Mean Time,39:59.0
280077098,TRUE,45:01.0,-0.2482236,5.7467705,Flight 13 Step 14,18,95,gps,Eidolon helvum,1607,1607,Fruit bats in Ghana (data from Sapir et al. 2014),804790.7315,635945.4657,30N,Ghana Mean Time,45:01.0
280077099,TRUE,49:59.0,-0.2523133,5.7218988,Flight 13 Step 15,18,95,gps,Eidolon helvum,1607,1607,Fruit bats in Ghana (data from Sapir et al. 2014),804350.6064,633190.8176,30N,Ghana Mean Time,49:59.0
280077100,TRUE,55:01.0,-0.2425806,5.6929378,Flight 13 Step 16,18,95,gps,Eidolon helvum,1607,1607,Fruit bats in Ghana (data from Sapir et al. 2014),805444.8319,629990.9486,30N,Ghana Mean Time,55:01.0
280077101,TRUE,59:59.0,-0.2280857,5.6591245,Flight 13 Step 17,18,95,gps,Eidolon helvum,1607,1607,Fruit bats in Ghana (data from Sapir et al. 2014),807069.6143,626256.5716,30N,Ghana Mean Time,59:59.0
280077102,TRUE,05:01.0,-0.2181101,5.6336505,Flight 13 Step 18,18,95,gps,Eidolon helvum,1607,1607,Fruit bats in Ghana (data from Sapir et al. 2014),808189.035,623442.6653,30N,Ghana Mean Time,05:01.0
